{
  "PedScen1Cross": {
    "B": [
      -0.08998799,
      -0.5,
      8.920002,
      -180.0
    ]
  },
  "PedScen9": {
    "B": [
      1.551094,
      -0.5,
      1.57051349,
      -44.16363
    ]
  },
  "PedScen1Empty": {
    "B": [
      1.06363583,
      -0.5,
      4.08283424,
      -130.728745
    ]
  },
  "PedScen1Light": {
    "B": [
      1.06363583,
      1.0,
      4.08283424,
      -130.728745
    ]
  },
  "Ped_3_Empt": {
    "B": [
      -0.189998791,
      1.0,
      3.79999924,
      -83.75466
    ]
  },
  "Ped_21": {
    "B": [
      1.30000269,
      1.0,
      -4.42000055,
      135.000275
    ]
  },
  "Ped_12": {
    "B": [
      -0.9900009,
      1.0,
      -4.34,
      -149.999741
    ]
  },
  "Ped_7": {
    "B": [
      0.110000663,
      1.0,
      3.69000244,
      0.0
    ]
  },
  "Ped_15": {
    "B": [
      -0.150001064,
      1.0,
      4.75000048,
      30.0002956
    ]
  },
  "Ped_16": {
    "B": [
      0.0700025558,
      1.0,
      -4.65,
      150.000244
    ]
  },
  "Ped_104": {
    "B": [
      1.194934,
      1.0,
      9.253077,
      49.2016068
    ]
  },
  "Ped_103": {
    "B": [
      -0.07999802,
      1.0,
      -3.38999939,
      0.0
    ]
  },
  "Ped_105": {
    "B": [
      -0.6897834,
      1.0,
      -9.382767,
      97.68049
    ]
  },
  "Ped_3_Cross": {
    "B": [
      0.420001358,
      0.99,
      6.11000061,
      -126.406052
    ]
  },
  "Ped_3_Trfc": {
    "B": [
      -0.189998791,
      1.0,
      3.790001,
      86.76741
    ]
  },
  "Ped_101": {
    "B": [
      0.450000763,
      1.0,
      -4.17999649,
      0.0
    ]
  },
  "Ped_102": {
    "B": [
      1.40000153,
      1.0,
      -4.05999756,
      119.999939
    ]
  },
  "Ped_106": {
    "B": [
      -1.460001,
      0.51,
      3.97000027,
      35.92857
    ]
  },
  "Practice": {
    "B": [
      -1.2026459,
      1.0,
      -4.06302357,
      30.00005
    ]
  }
}