{
  "PedScen1Cross": {
    "B": [
      -0.08998799,
      -0.5,
      8.920002,
      -180.0
    ]
  },
  "PedScen9": {
    "B": [
      1.551094,
      -0.5,
      1.57051349,
      -44.16363
    ]
  },
  "PedScen1Empty": {
    "B": [
      1.06363583,
      -0.5,
      4.08283424,
      -130.728745
    ]
  },
  "PedScen1Light": {
    "B": [
      1.06363583,
      1.0,
      4.08283424,
      -130.728745
    ]
  },
  "Ped_3_Empt": {
    "B": [
      -0.189998791,
      1.0,
      3.79999924,
      -117.345016
    ]
  },
  "Ped_21": {
    "B": [
      -0.7399984,
      1.0,
      -4.42000055,
      -180.0
    ]
  },
  "Ped_12": {
    "B": [
      -0.310000747,
      1.0,
      -3.81999969,
      -89.9997559
    ]
  },
  "Ped_7": {
    "B": [
      0.0600011647,
      1.0,
      3.56999969,
      0.0
    ]
  },
  "Ped_15": {
    "B": [
      -0.150001064,
      1.0,
      4.57000065,
      90.0003
    ]
  },
  "Ped_16": {
    "B": [
      0.0700025558,
      1.0,
      -4.65,
      -89.99983
    ]
  },
  "Ped_104": {
    "B": [
      -1.11999893,
      1.0,
      4.169998,
      0.0
    ]
  },
  "Ped_103": {
    "B": [
      -1.75,
      1.0,
      8.209999,
      0.0
    ]
  },
  "Ped_105": {
    "B": [
      -1.11999893,
      1.0,
      4.169998,
      180.0
    ]
  },
  "Ped_3_Cross": {
    "B": [
      -0.169999212,
      1.0,
      4.16,
      -180.0
    ]
  },
  "Ped_3_Trfc": {
    "B": [
      -0.189998791,
      1.0,
      3.790001,
      -101.497658
    ]
  }
}