{
  "PedScen1Cross": {
    "B": [
      -0.08998799,
      -0.5,
      8.920002,
      -180.0
    ]
  },
  "PedScen9": {
    "B": [
      1.551094,
      -0.5,
      1.57051349,
      -44.16363
    ]
  },
  "PedScen1Empty": {
    "B": [
      1.06363583,
      -0.5,
      4.08283424,
      -130.728745
    ]
  },
  "PedScen1Light": {
    "B": [
      1.06363583,
      1.0,
      4.08283424,
      -130.728745
    ]
  },
  "Ped_3_Empt": {
    "B": [
      -0.189997613,
      -0.5,
      9.419998,
      -180.0
    ]
  },
  "Ped_21": {
    "B": [
      -0.830001831,
      -0.5,
      1.3599999,
      -180.0
    ]
  },
  "Ped_12": {
    "B": [
      -0.499999553,
      -0.5,
      2.16999817,
      -89.9997559
    ]
  },
  "Ped_7": {
    "B": [
      -0.189997613,
      -0.5,
      9.419998,
      0.0
    ]
  },
  "Ped_15": {
    "B": [
      -0.210001975,
      -0.5,
      10.6000013,
      90.0003
    ]
  },
  "Ped_16": {
    "B": [
      -0.0400008634,
      -0.5,
      -0.08999994,
      -89.99983
    ]
  },
  "Ped_104": {
    "B": [
      -1.11999893,
      1.0,
      4.169998,
      0.0
    ]
  },
  "Ped_103": {
    "B": [
      -1.75,
      1.0,
      8.209999,
      0.0
    ]
  },
  "Ped_105": {
    "B": [
      -1.11999893,
      1.0,
      4.169998,
      180.0
    ]
  }
}