{
  "PedScen1Cross": {
    "B": [
      -0.08998799,
      -0.5,
      8.920002,
      -180.0
    ]
  },
  "PedScen9": {
    "B": [
      1.551094,
      -0.5,
      1.57051349,
      -44.16363
    ]
  },
  "PedScen1Empty": {
    "B": [
      1.06363583,
      -0.5,
      4.08283424,
      -130.728745
    ]
  },
  "PedScen1Light": {
    "B": [
      1.06363583,
      1.0,
      4.08283424,
      -130.728745
    ]
  },
  "Ped_3_Empt": {
    "B": [
      -0.189998791,
      1.0,
      3.79999924,
      -83.75466
    ]
  },
  "Ped_21": {
    "B": [
      -0.31997183,
      0.86,
      -9.660001,
      -37.5894
    ]
  },
  "Ped_12": {
    "B": [
      -1.39225543,
      0.86,
      -9.922866,
      73.4640045
    ]
  },
  "Ped_7": {
    "B": [
      -0.51795423,
      0.86,
      9.869387,
      25.71088
    ]
  },
  "Ped_15": {
    "B": [
      -0.150001064,
      1.0,
      4.75000048,
      30.0002956
    ]
  },
  "Ped_16": {
    "B": [
      -1.133688,
      0.86,
      -9.820607,
      -41.46922
    ]
  },
  "Ped_104": {
    "B": [
      0.1463275,
      0.86,
      9.986306,
      -62.1990356
    ]
  },
  "Ped_103": {
    "B": [
      1.2951,
      0.86,
      -4.05808067,
      103.36647
    ]
  },
  "Ped_105": {
    "B": [
      0.162956357,
      0.86,
      -9.614363,
      172.680359
    ]
  },
  "Ped_3_Cross": {
    "B": [
      0.420001358,
      0.99,
      6.11000061,
      -126.406052
    ]
  },
  "Ped_3_Trfc": {
    "B": [
      -0.189998791,
      1.0,
      3.790001,
      86.76741
    ]
  },
  "Ped_101": {
    "B": [
      1.36196589,
      0.86,
      -6.276705,
      161.409744
    ]
  },
  "Ped_102": {
    "B": [
      -1.4935379,
      0.86,
      -4.41124344,
      119.120575
    ]
  },
  "Ped_106": {
    "B": [
      -1.670002,
      0.86,
      8.92,
      51.1781235
    ]
  },
  "Practice": {
    "B": [
      -0.173005119,
      0.86,
      10.111001,
      -83.6363144
    ]
  },
  "Ped_3": {
    "B": [
      0.671085358,
      0.86,
      9.203578,
      -87.13371
    ]
  }
}