{
  "PedScen1Cross": {
    "B": [
      -0.08998799,
      -0.5,
      8.920002,
      -180.0
    ]
  },
  "PedScen9": {
    "B": [
      1.551094,
      -0.5,
      1.57051349,
      -44.16363
    ]
  },
  "PedScen1Empty": {
    "B": [
      1.06363583,
      -0.5,
      4.08283424,
      -130.728745
    ]
  },
  "PedScen1Light": {
    "B": [
      1.06363583,
      1.0,
      4.08283424,
      -130.728745
    ]
  }
}